model,status,mae,rmse,smape
Moving Average,ok,45.278366666666656,51.24512658780343,24.221706113731234
Linear Regression,ok,4.1056788010282625,5.762446314661832,2.0852961007376285
